"Cores","WDPA_167","Simplified_WDPA_152","Fishnets_14338"
"One",64.55184,63.09682,136.6942
"Four",000,000,000
"Eight",000,000,000
"Sixteen",000,000,000
