"Functions","WDPA_7495","Simplified_WDPA_7495","Fishnet_216425"
"terra_extract",47.4618585109711,22.21391,133.904912471771
"terra_zonal",49.9728455543518,27.87043,269.325647115707
"exact_extract",7.22349333763123,5.920705,302.243098258972
