"polygon_order","sf","terra"
"eco_pa",9.25210309028625,1.80603408813477
"pa_eco",0.650579690933228,1.77991795539856
