"polygon","terra_extract","terra_zonal","exact_extract"
"fishnet_5000*5000",3.45725512504578,0.446792125701904,0.434967756271362
