"polygon","terra_extract","terra_zonal","exact_extract"
"fishnet_10000*10000",3.69176292419434,0.310916423797607,0.293742179870605
