"polygon","terra_extract","terra_zonal","exact_extract"
"fishnet_25*25",21.6118302345276,51.3163814544678,40.6589958667755
