"polygon","terra_extract","terra_zonal","exact_extract"
"fishnet_200*200",5.25457406044006,6.88122129440308,6.75695872306824
