"polygon","terra_extract","terra_zonal","exact_extract"
"fishnet_1000*1000",3.85118818283081,1.53271150588989,1.52600264549255
