"Cores","WDPA_167","Simplified_WDPA_152","Fishnets_14338"
"tz_01",0.07320094,0.02881646,0.4436848
"tz_04",1.025738,0.8748527,48.69168
"tz_08",1.050688,0.9010139,25.94167
"tz_16",1.704623,1.39199,19.66258
"te_01",0.205162,0.1020379,7.310405
"te_04",0.6425474,0.5854273,21.50787
"te_08",0.6630306,0.653872,13.05137
"te_16",0.9917564,0.9144499,10.43998
"ee_01",0.1293373,0.1901078,8.097852
"ee_04",0.6840501,0.6488185,34.37598
"ee_08",0.7092102,0.6274836,18.34801
"ee_16",1.091827,0.9108527,13.68308
