"Cores","WDPA_167","Simplified_WDPA_152","Fishnets_14338"
"te_01",82.27952,79.80988,91.8057
"te_04",23.86096,26.4198,44.02589
"te_08",15.13952,15.49177,24.61945
"te_16",14.61558,14.28024,20.04521
"ee_01",4.417215,4.316369,13.93602
"ee_04",4.669558,4.914383,53.73208
"ee_08",3.140559,3.202765,29.57918
"ee_16",2.87464,2.890178,22.84003
