"Cores","hexa_5","hexa_10","hexa_25","hexa_50","hexa_100","hexa_200","hexa_500","hexa_1000","hexa_5000","hexa_10000"
"One",17161.49,8611.871,3464.037,1761.62,890.1191,467.425,199.886,106.7432,33.23777,23.11789
"Eight",11111,11111,11111,11111,11111,11111,11111,11111,11111,11111
"Sixteen",22222,22222,22222,22222,22222,22222,22222,22222,22222,22222
