"Cores","hexa_5","hexa_10","hexa_25","hexa_50","hexa_100","hexa_200","hexa_500","hexa_1000","hexa_5000","hexa_10000"
"One",178.8815,89.67825,36.21301,18.8413,9.334414,4.882078,2.166131,1.11964,0.3502138,0.3257258
"Eight",11111,11111,11111,11111,11111,11111,11111,11111,11111,11111
"Sixteen",4349.119,1818.172,743.6943,449.7844,188.3637,114.4126,42.38246,25.6659,5.499962,3.576357
