"Cores","grids_255020","grids_127600","grids_51336","grids_25839","grids_12950","grids_6600","grids_2688","grids_1350","grids_294","grids_157"
"tz_01",6.955655,3.447286,1.610337,0.787322,0.4279578,0.2173488,0.09714317,0.05287719,0.01956558,0.01614785
"tz_08",527.5048,257.8223,101.843,49.22742,22.68895,10.3881,4.237234,1.998408,0.5225244,0.3227046
"tz_16",322.257,163.729,59.13238,28.07708,13.70378,8.730076,3.777974,1.96402,0.6497412,0.5299165
