"Cores","grids_255020","grids_127600","grids_51336","grids_25839","grids_12950","grids_6600","grids_2688","grids_1350","grids_294","grids_157"
"tz_01",17161.49,8611.871,3464.037,1761.62,890.1191,467.425,199.886,106.7432,33.23777,23.11789
"tz_08",11111,11111,11111,11111,11111,11111,11111,11111,11111,11111
"tz_16",22222,22222,22222,22222,22222,22222,22222,22222,22222,22222
