"Cores","grids_255020","grids_127600","grids_51336","grids_25839","grids_12950","grids_6600","grids_2688","grids_1350","grids_294","grids_157"
"tz_00",178.8815,89.67825,36.21301,18.8413,9.334414,4.882078,2.166131,1.11964,0.3502138,0.3257258
"tz_08",3998.318,1941.045,821.8638,409.3681,218.4172,104.4333,46.00843,22.92786,5.558032,3.478525
"tz_16",4349.119,1818.172,743.6943,449.7844,188.3637,114.4126,42.38246,25.6659,5.499962,3.576357
