"polygon","terra_extract","terra_zonal","exact_extract"
"fishnet_10*10",48.4505524635315,126.985225439072,102.957681417465
