"polygon","terra_extract","terra_zonal","exact_extract"
"fishnet_100*100",7.65565061569214,13.1800844669342,12.3915987014771
