"polygon","terra_extract","terra_zonal","exact_extract"
"fishnet_50*50",12.7361676692963,26.0642168521881,20.1487720012665
