"polygon","terra_extract","terra_zonal","exact_extract"
"fishnet_500*500",4.2304093837738,2.96112155914307,2.7905580997467
